TSE:3697,株式会社SHIFT
TSE:9552,株式会社Ｍ＆Ａ総研ホールディングス
TSE:7388,株式会社ＦＰパートナー
TSE:5595,株式会社QPS研究所
TSE:4385,株式会社メルカリ
TSE:4478,freee 株式会社
TSE:7342,ウェルスナビ株式会社
TSE:2160,株式会社ジーエヌアイグループ
TSE:4480,株式会社メドレー
TSE:3097,株式会社物語コーポレーション
TSE:4927,株式会社ポーラ・オルビスホールディングス
TSE:4384,ラクスル株式会社
TSE:6965,浜松ホトニクス株式会社
TSE:5032,ANYCOLOR株式会社
TSE:4180,Appier Group株式会社
TSE:3769,ＧＭＯペイメントゲートウェイ株式会社
TSE:3391,株式会社ツルハホールディングス
TSE:6871,株式会社日本マイクロニクス
TSE:6028,テクノプロ・ホールディングス株式会社
TSE:5301,東海カーボン株式会社
TSE:4967,小林製薬株式会社
TSE:4194,ビジョナル株式会社
TSE:2593,株式会社伊藤園
TSE:7747,朝日インテック株式会社
TSE:4911,株式会社資生堂
TSE:7956,ピジョン株式会社
TSE:3349,株式会社コスモス薬品
TSE:3498,霞ヶ関キャピタル株式会社
TSE:3994,株式会社マネーフォワード
TSE:4519,中外製薬株式会社
TSE:2501,サッポロホールディングス株式会社
TSE:6856,株式会社堀場製作所
TSE:4666,パーク２４株式会社
TSE:4922,株式会社コーセー
TSE:4704,トレンドマイクロ株式会社
TSE:6269,三井海洋開発株式会社
TSE:4912,ライオン株式会社
TSE:6481,ＴＨＫ株式会社
TSE:3038,株式会社神戸物産
TSE:6268,ナブテスコ株式会社
TSE:4612,日本ペイントホールディングス株式会社
TSE:3563,株式会社ＦＯＯＤ　＆　ＬＩＦＥ　ＣＯＭＰＡＮＩＥＳ
TSE:6920,レーザーテック株式会社
TSE:2695,くら寿司株式会社
TSE:6266,タツモ株式会社
TSE:4751,株式会社サイバーエージェント
TSE:2579,コカ・コーラ　ボトラーズジャパンホールディングス株式会社
TSE:8952,ジャパンリアルエステイト投資法人
TSE:1419,タマホーム株式会社
TSE:9603,株式会社エイチ・アイ・エス
TSE:9166,株式会社 GENDA
TSE:9983,株式会社ファーストリテイリング
TSE:4324,株式会社電通グループ
TSE:3288,株式会社オープンハウスグループ
TSE:2212,山崎製パン株式会社
TSE:4768,株式会社大塚商会
TSE:5110,住友ゴム工業株式会社
TSE:4443,Sansan株式会社
TSE:6465,ホシザキ株式会社
TSE:6592,マブチモーター株式会社
TSE:5101,横浜ゴム株式会社
TSE:6361,株式会社荏原製作所
TSE:6326,株式会社クボタ
TSE:2206,江崎グリコ株式会社
TSE:3491,株式会社GA technologies
TSE:141A,株式会社トライアルホールディングス
TSE:6302,住友重機械工業株式会社
TSE:8113,ユニ・チャーム株式会社
TSE:5105,ＴＯＹＯ　ＴＩＲＥ株式会社
TSE:4755,楽天グループ株式会社
TSE:3659,株式会社ネクソン
TSE:5844,株式会社京都フィナンシャルグループ
TSE:3003,ヒューリック株式会社
TSE:2702,日本マクドナルドホールディングス株式会社
TSE:1605,株式会社ＩＮＰＥＸ
TSE:4004,株式会社レゾナック・ホールディングス
TSE:5201,ＡＧＣ株式会社
TSE:3197,株式会社すかいらーくホールディングス
TSE:3436,株式会社ＳＵＭＣＯ
TSE:6141,ＤＭＧ森精機株式会社
TSE:3064,株式会社ＭｏｎｏｔａＲＯ
TSE:7532,株式会社パン・パシフィック・インターナショナルホールディングス
TSE:4151,協和キリン株式会社
TSE:6525,株式会社 KOKUSAI ELECTRIC
TSE:4186,東京応化工業株式会社
TSE:1911,住友林業株式会社
TSE:4578,大塚ホールディングス株式会社
TSE:2503,キリンホールディングス株式会社
TSE:5214,日本電気硝子株式会社
TSE:8804,東京建物株式会社
TSE:2502,アサヒグループホールディングス株式会社
TSE:3226,日本アコモデーションファンド投資法人
TSE:4716,日本オラクル株式会社
TSE:5108,株式会社ブリヂストン
TSE:8963,投資法人インヴィンシブル投資法人
TSE:4587,ペプチドリーム株式会社
TSE:7309,株式会社シマノ
TSE:7751,キヤノン株式会社
TSE:3405,株式会社クラレ
TSE:4631,ＤＩＣ株式会社
TSE:6728,株式会社アルバック
TSE:1326,-
TSE:4452,花王株式会社
TSE:7936,株式会社アシックス
TSE:8155,三益半導体工業株式会社
TSE:5889,Japan Eyewear Holdings株式会社
TSE:4107,伊勢化学工業株式会社
TSE:5803,株式会社フジクラ
TSE:2587,サントリー食品インターナショナル株式会社
TSE:7272,ヤマハ発動機株式会社
TSE:2914,日本たばこ産業株式会社
TSE:1663,Ｋ＆Ｏエナジーグループ株式会社
TSE:7453,株式会社良品計画
TSE:1766,東建コーポレーション株式会社
TSE:5842,インテグラル株式会社
TSE:7744,ノーリツ鋼機株式会社
